x1,x2,x3,target,prediction
-0.43565476,-0.0939198,0.051289435,0.25185907,0.23431672
0.7078997,-0.5207798,-0.11397027,0.91216886,0.897628
0.8485117,-0.019894883,-0.565414,0.8281162,0.8220399
-0.89812887,0.51458484,0.10208191,0.728889,0.6766212
0.445341,0.12586868,0.0043422817,-0.040222764,-0.05311013
0.94126797,1.2902284,0.39221898,-0.4550717,-0.4706174
-0.62372553,-0.34544328,0.117637426,0.23814261,0.23132409
0.3208096,0.58800435,0.26847538,-0.86175096,-0.91139334
0.7967874,-0.2904129,-0.16060267,0.66677487,0.66925436
0.43860972,0.18011886,0.018490078,-0.20332539,-0.14069887
-0.34324324,-0.09939044,0.0068789152,0.057709575,0.052355684
0.24307466,0.07526397,-0.1390886,0.6173061,0.6025614
0.54793143,-0.1499527,-0.28032866,0.8650774,0.8308855
0.8409562,-0.28288296,-0.22443467,0.7114855,0.7194523
-0.43883717,0.012252547,0.2869241,0.82267714,0.6559599
-0.7502872,-0.35057148,0.038809404,0.09242213,0.0865024
-0.17823672,-0.06889618,-0.005480899,-0.11201131,-0.09512176
-0.57394874,0.017776411,0.0043477137,0.103888035,0.10309939
-0.20009601,0.06798554,0.12267983,0.9711094,0.695013
0.30209672,-0.20274132,0.026201732,0.49638474,0.40620613
0.7074261,0.15830395,-0.097263925,0.27542222,0.26889664
0.70442545,0.17522682,-0.15818998,0.36555827,0.3608121
0.46131134,0.39788958,0.06323129,-0.21008968,-0.21066424
-0.50052714,-0.0006588484,0.2753544,0.7410488,0.6355563
-0.0694685,0.10244787,-0.03696809,0.8448738,0.6816303
0.108063936,-0.0876043,0.012929718,0.6166364,0.5145727
0.85120285,-0.10080269,-0.0050785285,0.15653789,0.14477305
-0.1839068,0.08013041,0.090489134,0.9523622,0.7087413
-0.97026753,-1.0665466,-0.107737236,-0.11253619,-0.11719933
-0.61710835,0.072090805,0.18750961,0.61272395,0.5708539
0.43834376,0.12699771,-0.052715287,0.23096466,0.21670252
-0.3590864,0.22725315,-0.03097433,0.4342066,0.38230407
-0.48605764,-0.5997797,-0.18023328,-0.51767147,-0.5093777
-0.30736375,0.018281762,0.0076430445,0.19021046,0.17479622
-0.248909,-0.10760917,0.089361854,0.4208156,0.41257596
-0.13714409,-0.08864055,0.009036065,0.089536905,0.079568624
0.3115362,0.53728044,0.22897302,-0.7695987,-0.821202
-0.9560473,0.05555921,0.76135474,0.9219179,0.9225268
-0.5922245,0.23836014,0.06616162,0.59138906,0.52405375
0.2200774,0.025948256,-0.11265218,0.6589267,0.64307517
-0.81770265,-0.8685881,-0.19545414,-0.32361877,-0.33812067
-0.35451138,-0.08188353,0.060965646,0.3149867,0.30513084
0.9627211,0.34445393,0.0039371196,-0.011820555,-0.031537175
0.27596307,0.15734163,-0.01849124,0.09998798,0.091537
-0.098911524,-0.031480014,-0.0010428148,-0.037558556,-0.032060932
-0.39477944,-0.2047018,0.1269046,0.36417568,0.35117388
0.7859287,-0.16587487,-0.0032989066,0.22935688,0.21382757
-0.08803153,-0.1393102,-0.054073825,-0.682513,-0.66356814
0.6346791,-0.12389773,0.005301174,0.1318779,0.13898732
-0.27671134,-0.12952952,0.08558109,0.3693217,0.35616234
0.4888711,0.25142914,-0.050212078,0.15374601,0.14263277
-0.92123425,0.8608744,-0.12591942,0.7529447,0.6521382
-0.032879114,-0.021674268,-0.0035313217,-0.29444098,-0.26084548
0.055972695,-0.021859597,-0.005042146,0.55333817,0.3470079
-0.8985834,0.02632333,0.112159394,0.36824656,0.36228237
-0.3515848,0.37069917,-0.05856187,0.86088467,0.66487366
-0.38291502,0.06447204,0.06712084,0.5112413,0.4585803
-0.6069915,0.6137362,-0.036752623,0.9471867,0.7637869
-0.6109829,-0.21850117,-0.011422479,-0.063580155,-0.086576685
-0.48823285,-0.07533682,0.008568994,0.07615614,0.07247981
-0.9678371,-0.2593471,0.21303815,0.3539405,0.3459746
-0.94672954,1.2038805,-0.36148304,0.7855823,0.76423025
0.2929517,-0.342868,0.09277242,0.7457323,0.67941177
0.44753766,-0.43535227,0.00970361,0.9499477,0.89276534
-0.7113949,-0.63611114,-0.14124832,-0.41053867,-0.37373465
-0.03350973,-0.0075276024,0.0130019095,0.5206256,0.4363878
0.4541521,0.13110791,-0.2792657,0.6529968,0.6329579
-0.971805,-0.6560538,-0.09655069,-0.21677971,-0.22290592
0.73385334,-0.51678175,-0.11616056,0.88338673,0.8709502
0.09163737,0.05009148,-0.040815502,0.44786787,0.4188369
-0.11762774,-0.08001817,0.025366085,0.23548627,0.19636217
-0.94802666,0.56456447,-0.083911434,0.30992162,0.31089354
-0.18256128,-0.034409046,0.10458861,0.6685034,0.5523793
0.21846509,-0.13561308,-0.012439147,0.7018776,0.57073134
0.23491609,-0.27043772,0.071668945,0.7375859,0.7081124
0.93315685,-0.70713323,0.1331528,0.40837562,0.40310305
0.95765376,1.4811422,0.5715639,-0.7389194,-0.73327243
0.0464437,0.014941126,-0.0023750423,0.11665738,0.07983348
-0.58520854,-0.3852769,0.15287872,0.27876568,0.27283916
0.24372649,0.10105386,-0.14007774,0.5786358,0.5707572
0.46091366,-0.65518445,0.23054811,0.78117883,0.68168515
0.7662202,0.9813869,0.2714783,-0.40415847,-0.4163673
-0.12883878,0.12659328,-0.025131365,0.70646226,0.65827936
-0.08517194,-0.13071439,-0.049555387,-0.68364465,-0.6419114
-0.8179544,1.1417123,-0.39313585,0.7781644,0.7831129
-0.81529117,0.07498687,0.020565305,0.21133399,0.19273648
0.22968328,-0.120385945,-0.036463242,0.73897076,0.69173956
0.58965397,-0.28344998,0.03292508,0.28430164,0.2864422
-0.3417418,0.06831094,0.20860451,0.8876029,0.65083456
-0.81933606,0.811892,-0.15063116,0.7437161,0.6272857
0.35564876,0.25782615,-0.097787574,0.27497673,0.26181763
0.81911886,-0.014873722,-0.007813685,0.107168674,0.0786852
0.12831235,0.078067645,0.011689584,-0.26625144,-0.16554284
-0.8874172,0.40744233,0.014751444,0.4928602,0.44188628
0.2048732,-0.17221606,0.035938036,0.4554466,0.4761254
-0.334404,0.3398358,-0.05588786,0.8098844,0.64277303
0.48771536,0.29072607,-0.1205111,0.28154254,0.26915124
-0.911342,0.9823395,-0.24535446,0.6847129,0.6337315
0.51404357,0.78217196,0.29492366,-0.6894684,-0.6794571
0.40005505,-0.1294266,0.0077452254,0.24426079,0.19295791
-0.15714252,-0.1523659,-0.016742894,-0.12635124,-0.14872639
-0.4405353,0.06596906,0.15450017,0.67179596,0.57674927
-0.561201,0.13728304,0.023777476,0.3617468,0.33667636
-0.14946318,-0.05567068,0.061005086,0.47923052,0.45002633
-0.8205199,1.1913993,-0.42076102,0.8455094,0.8258766
0.07514441,0.022909125,-0.039816014,0.5912703,0.57499117
0.26067102,-0.19572398,0.026897842,0.56973183,0.47340402
-0.13294578,-0.06612424,-0.004419,-0.07955277,-0.08367858
-0.101784825,-0.0476272,0.0024780785,0.0472579,0.015896192
-0.14437377,0.14320844,-0.026921893,0.7399045,0.67490625
0.4983598,-0.4679583,0.079765074,0.7152089,0.61759907
-0.8603579,1.0472372,-0.29100937,0.78793347,0.6967859
0.97664475,0.4863215,-0.020913897,0.039819956,0.031220598
-0.8040657,-0.43225053,0.22372085,0.32322752,0.30957037
-0.778214,-0.4938755,0.14083768,0.2134062,0.21221164
0.39035618,-0.46399978,0.115020365,0.8363446,0.694882
-0.5641444,-0.016728546,0.46778378,0.8958938,0.7472068
0.33087397,0.09600684,-0.21373817,0.6716378,0.64331603
0.8956131,-0.21812919,-0.46213013,0.85035217,0.83786696
0.5160018,0.16071516,0.010837662,-0.09873068,-0.10768274
-0.5959232,-0.73126423,-0.16059035,-0.2864945,-0.28582475
-0.93869793,-1.3466123,-0.4690286,-0.5955099,-0.59094125
0.67567647,-1.2809278,0.60551304,0.9961407,0.73330307
-0.29088497,-0.5065278,-0.21977772,-0.82054484,-0.8276481
-0.40442812,0.073484585,0.020100584,0.3315884,0.3105654
-0.2026385,0.14800996,0.03317751,0.91027904,0.72444564
0.13109231,-0.0064519215,-0.016992252,0.38547683,0.29235995
-0.3769201,-0.13946678,0.12475131,0.41931236,0.40753287
0.42241335,0.36770168,0.060269803,-0.21901369,-0.21819869
-0.54288197,0.16167578,0.25747755,0.85349846,0.69761753
-0.14601648,0.0031077254,0.09567799,0.8201897,0.6152645
0.80948913,1.3434325,0.55303276,-0.75641954,-0.79247534
-0.8058226,0.28320757,0.20977172,0.7153548,0.6798364
0.45092773,0.17421316,-0.047727603,0.18519104,0.17389002
-0.95178974,-0.2612789,0.09220607,0.20291376,0.18540889
-0.3922398,0.38412467,-0.086587116,0.62753916,0.5640538
-0.23619115,0.07076321,-0.0021786948,0.26476145,0.21663868
-0.35506558,0.032926008,0.010401444,0.22369134,0.20676868
-0.9531237,-1.0764439,-0.18222788,-0.2073586,-0.21415055
-0.7560313,0.230615,0.004286834,0.32260966,0.28948066
0.7854645,0.25112742,-0.11295245,0.2516725,0.24904256
-0.69671893,0.22424626,-0.016580248,0.20676601,0.21197926
-0.6132612,0.58146685,-0.1364116,0.52217376,0.5141717
0.72708297,-0.71790636,0.13494463,0.7347951,0.64231646
-0.94112396,0.566964,0.1667457,0.81881523,0.7676417
0.16579878,-0.044692438,-0.02797295,0.5670773,0.46932322
0.1824919,0.030871093,-0.0106124,0.17096996,0.1139842
0.47128975,0.30336347,0.013526742,-0.048198223,-0.051148072
-0.34160876,-0.093226776,0.06643091,0.32515788,0.3175077
0.6695925,0.09769363,-0.04292496,0.1905415,0.16457336
0.49148726,-0.41758046,-0.06957393,0.9922848,0.9467712
0.89564955,-0.9682217,0.23139608,0.72436,0.6829951
-0.35161793,0.31427166,-0.07017993,0.4579625,0.4913835
-0.5040151,0.08557878,-0.0034290943,0.10499561,0.15083657
-0.10751796,-0.03828377,-0.0026817499,-0.095852375,-0.06125746
0.37012112,-0.11748835,0.009129577,0.18161452,0.17753775
0.48435938,-0.13923042,-0.24926412,0.87535715,0.8314062
-0.17984676,-0.026141046,0.053021677,0.4751358,0.4348849
-0.25853837,0.041733846,0.18287846,0.9256191,0.64904565
0.4144374,0.2672779,0.03606312,-0.1922183,-0.18450084
0.28432953,0.12984268,-0.0051120743,0.03646028,0.032131784
0.5577812,0.4161771,-0.0804535,0.15930331,0.15245531
-0.50941133,-0.15869096,0.20823647,0.50229824,0.477598
-0.6605793,-0.059600364,0.014801252,0.11122584,0.09775971
0.58094513,0.59383273,0.15054302,-0.4654814,-0.41148877
0.59010947,0.20240244,-0.017265145,0.07071972,0.06576258
0.8961009,0.20066376,-0.557174,0.6844722,0.68095887
-0.9153677,-1.6402371,-0.725794,-0.7968615,-0.8174996
0.71638405,0.07884316,0.0017413007,-0.030585527,-0.023748033
0.011474371,-0.0071236906,2.4969647e-06,0.62048423,0.5024837
0.2259748,-0.115447246,-0.0028830052,0.5347438,0.39436814
0.32083774,0.19331884,-0.0067493194,0.03309512,0.027711904
0.22694314,0.35303825,0.13686113,-0.73390174,-0.7058938
0.68377614,0.99668634,0.35868335,-0.647557,-0.6530388
-0.56919754,-0.273945,-0.03224604,-0.20519376,-0.18864684
0.14027882,-0.15201207,0.04088623,0.5877141,0.6132844
-0.9170953,-0.79429126,-0.16874458,-0.37362504,-0.3592691
-0.45103884,0.46456197,-0.116910934,0.59252906,0.5647208
0.90471697,-0.3169001,-0.48056474,0.9247043,0.9147415
-0.53769624,0.5884545,-0.16040936,0.58037245,0.58657134
-0.8704705,-0.67077094,-0.057130076,-0.09750962,-0.104121216
-0.4968313,-0.35697064,-0.06348765,-0.32356095,-0.2936557
-0.6371192,-1.144408,-0.5120934,-0.8448187,-0.8492833
0.6760646,0.36805183,0.008835707,-0.025170445,-0.02265961
-0.122478604,-0.031168574,0.03429721,0.41701674,0.35994327
-0.107836366,-0.055716585,0.007888546,0.11568248,0.084765844
-0.6690997,0.24151185,0.3131343,0.8879813,0.7467904
-0.27289772,0.256303,-0.05668411,0.58276737,0.55254304
-0.22543478,-0.06772247,0.0037451356,0.04772067,0.026135257
0.79839516,-0.21507537,-0.2261173,0.68365204,0.690126
0.79059756,-0.4246576,-0.291127,0.93216765,0.9285174
0.7375592,-0.27740583,-0.2196685,0.76528883,0.7758918
0.32370794,-0.3702143,0.09849138,0.72261167,0.65837663
-0.8619672,0.928667,-0.07931086,0.98386,0.83106446
0.36263382,0.26871553,0.01547595,-0.062937975,-0.0767743
-0.98592293,-0.11058273,0.33443135,0.5290272,0.52183914
-0.794201,-0.9468798,-0.21578088,-0.3068725,-0.3107848
0.25086915,0.13578604,0.0033046426,-0.025542498,-0.024818957
0.24221551,-0.2294335,0.0066550137,0.9172753,0.83706754
-0.22075486,-0.039455123,0.015974423,0.1940943,0.15882803
-0.3650577,-0.1426461,0.00063422567,0.004396677,-0.00022240728
0.12954915,0.09496671,0.016767042,-0.2964102,-0.21627568
0.71404874,-0.13845098,-0.04401259,0.36347544,0.35240299
0.87496233,-0.09585129,-0.05446647,0.31021595,0.29351342
0.7019081,0.13452841,-0.4370735,0.6990763,0.687491
-0.18576097,0.030273013,0.1397493,0.95265925,0.6619996
0.07058823,0.04453951,-0.016061699,0.25641525,0.17534119
-0.46406603,-0.30680418,-0.04436751,-0.21366572,-0.21600643
-0.24523771,-0.3035179,-0.09371727,-0.5906404,-0.5356472
-0.067388415,0.025707178,-0.0024441755,0.20129085,0.21129566
-0.9975445,0.04896402,0.47928068,0.71812916,0.7128575
-0.5422518,0.6746026,-0.20534112,0.7128633,0.66609603
0.9418253,0.41955242,-0.09335201,0.16291964,0.16638738
-0.90415835,0.45140907,-0.056235448,0.26051056,0.2729199
-0.4584931,-0.1447645,0.03387283,0.15645719,0.12437883
-0.4571805,0.004957389,0.2178764,0.69578016,0.5929436
0.89909065,0.31324768,-0.026022412,0.06929195,0.059673354
0.61535096,0.24252152,-0.20129406,0.40788114,0.3954224
0.013157964,0.0017287587,-0.007064785,0.6699952,0.55453354
0.18129623,0.067197025,-0.05767069,0.40834856,0.39893228
-0.30000412,-0.5664147,-0.26708293,-0.91411877,-0.8897608
-0.21449888,0.13053302,-0.011435236,0.50244474,0.41374272
-0.9185691,-1.6221586,-0.71506363,-0.8483095,-0.8195348
0.43263602,-0.49089542,0.06691606,0.9762238,0.8276823
0.3830663,-0.03628144,-0.018283434,0.27090037,0.20714591
-0.45813012,-0.007852419,0.0802686,0.4100976,0.39826548
0.6480874,0.2591929,-0.09103469,0.22483087,0.22015458
-0.3995576,-0.46705773,-0.11470421,-0.35096157,-0.36938927
-0.102621555,-0.0374559,-0.00070751214,-0.019983292,-0.029176824
-0.73316073,1.221421,-0.50405383,0.9126879,0.8904467
0.3713746,-0.1415199,-0.03600199,0.5555643,0.48177356
-0.93965125,1.1760648,-0.30794978,0.87857544,0.7762365
0.53466594,0.4267164,-0.06839306,0.13682163,0.12761925
-0.770452,-0.37349263,0.25774097,0.38473725,0.3788553
0.09644115,0.027042229,-0.014464815,0.2716757,0.20613849
-0.72462094,0.39493886,-0.008348741,0.52299845,0.45688266
-0.13225532,-0.102143474,-0.013837525,-0.17522812,-0.18296048
0.63143456,-0.8341008,0.2542725,0.84363294,0.74168915
0.80462205,0.109084286,-0.050413933,0.19154072,0.16904303
-0.108014345,0.045310576,0.04819413,0.90986824,0.68573004
-0.79569054,-0.11149569,0.048702843,0.18707001,0.16545154
0.3011285,-0.046872884,-0.0037240367,0.21356463,0.14764191
-0.0831604,-0.012828961,0.002136402,0.10074186,0.05974637
-0.6641637,-0.11226839,0.11941021,0.3478397,0.34274814
-0.2530601,0.14147668,0.082047075,0.9138485,0.7207057
-0.47558618,-0.24209942,0.16129038,0.38102305,0.3693089
-0.31953,0.0914463,-0.0027507881,0.25203228,0.22210692
0.004511237,6.129686e-05,-0.0034745429,0.8708414,0.48829395
0.42098916,0.25248054,-0.09937345,0.2710694,0.2606225
0.6900805,0.3110185,-0.35485944,0.52632296,0.51672256
-0.12365222,0.08447292,-0.014232921,0.3811822,0.36678815
-0.81855047,-1.5020312,-0.6874946,-0.87386405,-0.8730589
-0.89414895,0.9172992,-0.21158406,0.67567587,0.6077447
0.16350996,-0.23106693,0.080841444,0.7762073,0.6595953
-0.08592367,-0.057883825,0.0062728967,0.094979405,0.06883498
-0.56529677,0.5665304,-0.12736788,0.66165507,0.5757764
0.75722027,-0.81152123,0.21400303,0.60311973,0.6520508
-0.051951885,0.03738068,-0.003549025,0.6069777,0.5547038
0.61654484,0.42251363,0.014907618,-0.03731501,-0.032764643
-0.59296536,0.53126276,-0.103195675,0.6112039,0.5286092
0.83297074,-0.48814765,0.058299627,0.41898596,0.37626997
-0.29792333,-0.05343408,0.24219733,0.8164096,0.60547656
-0.9078536,0.34136122,0.24136421,0.7368289,0.7118066
0.6951964,0.62925416,0.054850865,-0.097717404,-0.1012289
-0.38630927,-0.24021214,0.12885095,0.34499466,0.33534536
0.6531105,-1.1134425,0.4733717,0.8950263,0.70102495
0.3106587,-0.16861771,0.022633595,0.29957128,0.29637206
0.79772866,-0.552729,0.09115085,0.42231524,0.3867744
0.49409235,0.7985011,0.3169753,-0.70122254,-0.71508527
0.23481536,-0.14056289,0.015323055,0.45527887,0.36357978
-0.8178445,-1.0021971,-0.25963145,-0.37197638,-0.3775177
0.5721077,0.1843291,-0.062949285,0.20766163,0.20258753
-0.67491615,-0.20315057,0.014255564,0.058717966,0.04256215
0.22358191,0.25008756,0.06584012,-0.42396128,-0.4091985
0.27700543,-0.06318773,-0.05808319,0.5859566,0.5537202
0.12351549,-0.108987615,0.023859443,0.4796481,0.4868068
-0.6048924,0.5941505,-0.04227371,0.90502095,0.7337992
0.1468842,-0.0661079,-0.012913419,0.5972651,0.45349115
-0.41549385,0.3010805,0.00076554326,0.72716665,0.6010446
0.697124,-0.2099264,-0.02246887,0.38487554,0.36031792
0.8942534,-1.0016601,0.24573037,0.75721383,0.7112711
-0.079830766,-0.060638443,0.0045940294,0.06941712,0.042318605
-0.044187307,-0.0057098577,0.008417005,0.37659216,0.2498299
0.73347485,-0.4433256,-0.048246097,0.6985774,0.67752516
0.53364336,-0.12043727,-0.25481403,0.81301045,0.79041225
0.007555008,-0.00085916766,-7.4081196e-05,0.17104805,0.3610496
-0.030164242,-0.03283098,-0.008313599,-0.40086305,-0.3681233
-0.61580396,0.11866808,0.03937148,0.36694193,0.3508535
-0.4142425,-0.7300771,-0.3203017,-0.8235563,-0.8197187
0.4008236,-0.00042186637,-0.05389164,0.36720395,0.33849686
0.61108553,0.054856542,-0.25659359,0.6046635,0.6002318
0.8763794,0.22881654,-0.602314,0.7086899,0.70706373
-0.112964034,0.019659137,0.015440898,0.4668311,0.34956935
-0.04782629,0.010424059,0.00072623906,0.27348125,0.19531609
0.9482149,-0.42232102,0.04045767,0.3059082,0.2832861
0.17486131,-0.09322151,0.008761009,0.4113022,0.31408158
0.9569603,-1.7410415,0.79171884,0.9230112,0.85970163
-0.8217155,1.2823491,-0.49480218,0.8620894,0.8870278
0.035361767,-0.025000509,0.0019883367,0.6156627,0.5307503
0.06940484,-0.0068587665,-0.011039345,0.45128036,0.3024664
0.3057127,0.05080363,-0.014229049,0.14809752,0.100272164
0.93060374,1.1120609,0.25822875,-0.31551158,-0.32314748
-0.82273185,-0.39780155,0.055075448,0.112345695,0.102845356
-0.47604918,0.3908433,-0.069395415,0.56131375,0.48540854
-0.49567306,0.07108564,0.042579792,0.3734424,0.36311498
0.8256242,-0.51488703,-0.058916748,0.7224139,0.70422244
0.9704274,0.35280946,-0.54057264,0.58639276,0.5943476
-0.63989854,0.054417945,0.15740982,0.54031575,0.49829358
-0.7616339,-0.24550726,-0.0035112645,-0.015000105,-0.015769433
-0.26045513,0.05363338,0.05459985,0.5722512,0.49354094
0.6165451,0.8121445,0.26103982,-0.5566639,-0.5533192
0.81671286,0.13484512,-5.4739994e-05,0.00040495396,-0.0042467266
0.83633614,-0.348361,-0.4189352,0.94602764,0.93019855
0.31539047,-0.34116563,0.09226082,0.54264283,0.61957467
-0.8872763,0.8895788,-0.11563483,0.8491101,0.72996455
0.0144046545,0.020435955,0.0065852995,-0.49483848,-0.31001943
-0.8889023,1.1064788,-0.3435217,0.65250015,0.7031615
-0.017523289,-0.009396001,-0.001018226,-0.15075135,-0.17485891
0.11831057,-0.16129498,0.05136501,0.8563168,0.71728164
0.109971404,-0.09387006,0.018469643,0.54596853,0.49036956
-0.38468826,-0.49799567,-0.11799894,-0.31227684,-0.3429382
0.7541903,-0.64380765,0.087156385,0.68491495,0.6008916
0.915684,-0.3626706,0.03434827,0.2393347,0.23990057
0.78037775,1.0955794,0.38434032,-0.6866342,-0.6364079
-0.8666364,-0.43132234,0.39790872,0.47300124,0.4631183
-0.6132326,0.55407906,-0.03700519,0.8309139,0.68082494
0.04690814,-0.04873266,0.005884581,0.8994175,0.7314135
0.4769472,0.09870113,-0.018475095,0.11888504,0.095881164
0.7192817,0.04492672,-0.17146747,0.4580165,0.44567633
-0.18055427,0.27955395,-0.1081847,0.7857624,0.66727376
0.042375326,0.0074012834,-0.01370152,0.4879644,0.3269652
-0.6525941,0.34261265,0.21834503,0.8977066,0.76133215
0.80420303,0.95820904,0.22725286,-0.3267945,-0.32566428
0.03925693,-0.06894334,0.029960051,0.96691847,0.6057223
-0.6750616,-0.8553616,-0.26832598,-0.57114565,-0.53813964
-0.37328386,-0.20344788,-0.018709246,-0.117135525,-0.123938516
0.21104681,0.25063452,0.06654805,-0.40075612,-0.41619122
-0.09159744,-0.107456446,-0.025406113,-0.328313,-0.43189746
0.9551439,-0.81891984,0.17464802,0.45909524,0.44039118
0.6207514,0.6766203,0.116977826,-0.21548533,-0.21911426
-0.6688384,0.030658133,0.43224,0.82714534,0.7326905
-0.37014306,-0.556909,-0.20770828,-0.6831387,-0.68288755
0.8335986,0.47705632,0.012072278,-0.026536226,-0.028703956
-0.3241433,-0.2504151,-0.02931111,-0.14382672,-0.1517107
0.8019676,-1.0380869,0.3320466,0.7168124,0.72454476
0.31468892,0.106833234,-0.1260502,0.48551762,0.4799034
0.5615381,-0.6793319,0.18889378,0.776639,0.6995138
0.67388225,-0.012531791,-0.3009339,0.67761993,0.676192
0.0501858,0.048643656,0.009965255,-0.29409826,-0.2475473
-0.06782174,0.037559137,0.00033651287,0.5626111,0.4794879
0.8841952,-0.5244791,-0.19219281,0.8491502,0.842619
0.37675154,0.071621485,-0.1346748,0.5103394,0.50066763
-0.7261498,0.11458546,0.42763218,0.85034513,0.7497152
-0.49005556,-0.10073645,0.050019126,0.23282647,0.2095594
0.94009054,-0.8749056,0.13108101,0.74299574,0.6302952
0.25075877,0.39584014,0.14902498,-0.61994994,-0.6830389
-0.8669342,-0.75483423,0.06042581,0.07379699,0.060867906
-0.9251729,-0.12553284,0.3833398,0.57941794,0.5704393
0.81247556,-0.046825923,-0.00031862842,0.063782215,0.07534094
0.061422586,-0.006654144,0.00013937423,0.07995355,0.11814506
-0.42621064,-0.08536526,0.31515363,0.76556945,0.6258465
0.35719633,0.12656821,-0.023034208,0.13246787,0.11322935
0.84331477,0.7984065,0.079554245,-0.113168836,-0.11635808
-0.6446477,0.42603678,-0.0533866,0.49284983,0.43062076
-0.5156174,0.66493124,-0.16844927,0.94322324,0.69389486
-0.87933373,0.4799743,0.37133607,0.97774374,0.8732942
-0.06476486,0.078443065,-0.021604061,0.78773415,0.67370456
-0.30578172,-0.100926206,0.12800783,0.50269747,0.47821432
-0.6850723,-0.41040567,-0.061425425,-0.29190147,-0.24616088
-0.37182856,-0.41365603,-0.048771787,-0.13405871,-0.13599315
-0.9559361,0.75004196,-0.043396804,0.7217132,0.65162367
0.14066482,-0.011641987,-0.06583481,0.7267568,0.71821356
0.6043149,-0.23652366,-0.32537827,0.9551177,0.91222805
-0.86100245,0.6386156,-0.10606841,0.49061525,0.42959717
0.7681334,0.95720935,0.288087,-0.5082958,-0.5123192
0.8655429,0.69740635,-0.12812726,0.15420687,0.15762773
0.5775883,-0.4324671,0.056822788,0.57876456,0.5094541
-0.09269345,0.10581947,-0.027137855,0.75259066,0.692751
0.43391812,0.15961567,-0.13084844,0.39519536,0.38127822
0.88248074,0.028814359,-0.24923126,0.5153581,0.4978243
0.03221011,-0.01755649,-0.0136209065,0.9776192,0.6729989
-0.25434232,-0.09750725,0.010270978,0.08603001,0.07414609
-0.28680933,0.06852499,0.08447665,0.6751679,0.5837791
0.8692901,1.1938822,0.40193462,-0.5908605,-0.5946998
0.16334236,0.16607513,0.038742654,-0.3625971,-0.34102565
0.034111142,0.000381852,-0.018195208,0.72477317,0.6568579
-0.82539976,-0.37395012,-0.03261595,-0.11790347,-0.12745324
0.8428651,0.7814638,0.14815716,-0.26577663,-0.27262568
-0.6398828,0.5704283,-0.12669422,0.47176945,0.4803159
-0.56231654,-0.4999456,-0.054125343,-0.12616622,-0.13053478
-0.330989,0.22838002,-0.028998641,0.5222262,0.43533933
0.75395644,0.66098356,0.09033509,-0.16940069,-0.16918337
-0.2532282,0.28377545,-0.079001375,0.60477483,0.61949533
0.47558188,-0.37407854,0.035735264,0.6753012,0.59352255
-0.10404229,0.0070609557,0.072378755,0.8686894,0.6431991
-0.93478394,-1.4138333,-0.49539188,-0.55144644,-0.5651888
0.49353445,0.45890152,0.071773596,-0.19898725,-0.20527118
0.28925025,-0.43452156,0.16316001,0.76099944,0.6433168
0.6254078,-0.17020848,-0.13453013,0.6194258,0.6237124
-0.01036191,0.0051350314,0.0018331354,0.7359519,0.4671018
0.91446126,0.41078028,0.0461269,-0.22245705,-0.20626768
-0.13790405,-0.16922787,-0.04893107,-0.46643257,-0.5311265
-0.5261382,-0.18952385,0.29248416,0.5869291,0.5375212
0.6320491,0.025869714,-0.14643927,0.46131146,0.45005473
0.28498912,0.27319446,0.048452113,-0.23492777,-0.26769805
0.9772352,-1.0431836,0.27794662,0.5551765,0.63009983
0.58744824,-0.6255186,0.065242395,0.9476049,0.82413954
-0.46911752,0.3096388,0.15729505,0.99651706,0.8068142
-0.6339096,0.22215885,0.07214999,0.5553906,0.5005356
-0.969327,0.37944263,0.25830564,0.74780047,0.7341554
-0.22500741,0.022652538,0.15104167,0.87119544,0.62959766
0.61839354,-0.15977584,-0.3163743,0.8560258,0.82735866
0.42897153,-0.037486725,0.00038404556,0.07553506,0.0802361
-0.6079905,0.3123308,-0.020790022,0.43512404,0.3714941
0.1421305,-0.09309298,-0.008876243,0.7394401,0.65455645
-0.96857905,0.16700393,0.16543363,0.50838685,0.4985543
0.61911106,0.71436405,0.19553539,-0.44649506,-0.44878587
0.36716616,0.27652135,-0.018748924,0.06259954,0.051680967
-0.37499726,-0.29769936,0.064839356,0.17792451,0.16300818
-0.22671115,-0.06764892,0.027852826,0.23174405,0.19834036
0.7079309,0.5261846,-0.1787521,0.2533543,0.24113937
-0.16648841,0.0850689,0.036748055,0.79026437,0.64178425
0.069340944,0.02471051,-0.02886961,0.4912151,0.4085135
-0.21969652,-0.1364845,-0.02052176,-0.25516295,-0.18553595
-0.8570837,0.4604432,0.39139962,0.99580777,0.8727762
-0.79123974,0.8818305,-0.24446265,0.59676397,0.59374034
-0.8972589,-0.31010702,0.009610514,0.02862084,0.022930032
-0.32454586,-0.297724,-0.0139695015,-0.049603105,-0.049252667
0.632362,-0.4138186,0.067512915,0.34444094,0.36880186
0.7939116,-0.24479863,-0.021658609,0.38011503,0.3590534
0.0012803078,-0.0008110067,-0.00020397236,0.82626116,0.45795497
0.45261002,0.082973406,-0.020639984,0.14072633,0.11146484
-0.93152833,0.8043891,0.054301202,0.9264368,0.8418094
0.72626567,0.003831146,-0.3312443,0.67271376,0.6652858
0.3099227,-0.29730198,0.03356853,0.82855284,0.73336893
0.86506593,0.54441303,-0.18257087,0.24216735,0.23552115
0.683108,0.45333037,-0.17304876,0.27103412,0.2584006
-0.3356068,0.090094216,0.0667522,0.5999689,0.5177688
0.2794578,0.04511024,-0.12553518,0.594363,0.5914971
0.8696965,1.3407089,0.50896543,-0.6764662,-0.70514804
-0.013254285,0.0030809965,0.0017435013,0.4970821,0.43296435
-0.96635306,0.10205229,0.79300463,0.9602189,0.94509697
-0.16716886,-0.13333301,-0.02519253,-0.30748332,-0.25924903
0.22270393,-0.06435571,0.0046259044,0.15473366,0.17008425
-0.84950566,-0.13949668,0.2691324,0.4867115,0.46966588
-0.4277581,-0.2609684,0.048925992,0.150401,0.13423963
0.07725167,0.027490845,0.00020574057,-0.007648349,0.00036310032
0.8241024,-0.5951887,0.10740615,0.3695836,0.3869641
0.8683202,-0.56348306,0.0881143,0.3861301,0.36752796
-0.63083005,-0.3243725,0.069079176,0.16195333,0.14555721
0.76929307,0.49764106,0.055363543,-0.14275575,-0.15722932
-0.8187337,-0.08137592,0.07029348,0.24750078,0.2284703
-0.10207665,0.1048383,-0.014606103,0.86083233,0.699829
-0.043066025,0.078074306,-0.035352293,0.93408597,0.67668635
0.4300425,0.001789407,-0.21206544,0.7001524,0.6865592
0.22078133,0.3154516,0.0946864,-0.42892444,-0.49003163
0.67660534,-0.6417524,0.1019243,0.74676394,0.6477362
-0.8074658,-0.098856665,0.46448362,0.69969547,0.6779341
-0.3250314,0.17717054,0.14369772,0.9911425,0.7556024
-0.8163196,-0.9326906,-0.17001285,-0.22763431,-0.23524284
-0.18418956,0.262785,-0.087902874,0.89121306,0.6970878
0.20336938,0.17759055,0.012777726,-0.07911897,-0.10971985
0.78098893,-0.0098500075,-0.09455611,0.35431767,0.34481013
-0.823244,1.0072875,-0.20784985,0.9607744,0.7736396
-0.21447253,-0.011478537,0.06810364,0.5373821,0.48460197
0.309973,0.33226886,0.040361192,-0.13967025,-0.16041423
-0.7588707,-0.98899615,-0.3108875,-0.52938557,-0.53865415
0.42180967,-0.19318253,-0.18334188,0.926913,0.88820416
-0.88524127,0.211765,0.42053136,0.81914663,0.76191777
0.7129288,1.0594585,0.37364614,-0.5757092,-0.6276381
-0.6487653,-0.58864975,-0.12961917,-0.37606657,-0.366216
-0.59659064,0.4849101,-0.09768631,0.44409537,0.43169382
0.8959465,0.27064615,0.0089473,-0.03778541,-0.04893909
0.69030106,0.29653975,-0.11273376,0.24286234,0.23638661
0.39529514,0.15034772,-0.2091824,0.5617231,0.55019486
0.6886275,-0.5734985,0.082138054,0.6490371,0.5718195
-0.4839239,0.14566588,0.0695139,0.55830157,0.4978329
-0.008068681,0.0085804565,-0.002064848,0.6954528,0.45716774
-0.6636859,-0.06119986,0.004012281,0.044288754,0.04516712
-0.83568406,-0.35425007,0.10767903,0.20491123,0.18786664
0.32945943,0.084485926,-0.052429117,0.29079998,0.26708496
-0.3461244,-0.12751392,0.0901481,0.358366,0.3493326
0.0961684,0.057834048,6.7035115e-05,-0.0011613369,-0.016446158
0.3812704,-0.17476867,-0.0599222,0.6871159,0.66519874
0.9062512,-0.32809252,-0.21258001,0.6980634,0.70307857
-0.031762004,0.0036970596,0.026038492,0.96549606,0.5587109
0.56961834,0.14074767,0.0042406395,-0.03512156,-0.059063025
0.7613864,0.80356723,0.18964307,-0.35626101,-0.35805354
0.31097007,0.27734402,0.061042137,-0.39532793,-0.34373415
-0.9642291,1.0291597,-0.12865466,0.9227401,0.8067137
0.65070367,0.7125425,0.17952886,-0.39300096,-0.39843312
0.38871944,0.15406363,-0.22904749,0.59461594,0.58240503
0.29819846,-0.15939099,0.014015702,0.42354095,0.33733395
-0.5512674,-0.10657957,0.19349954,0.50362647,0.47518215
0.46988046,-0.0655578,-0.2265135,0.7675657,0.74489635
0.80143857,0.25661448,-0.042023942,0.11930752,0.116293505
-0.3764391,0.22217558,0.021716388,0.6755934,0.55540836
0.034637094,0.013657769,-0.0068309703,0.28873122,0.16705693
0.78098595,-0.1924286,-0.3459294,0.80003905,0.7845585
0.7668376,-0.22936381,-0.00921189,0.3349663,0.31425145
0.10061991,-0.030291919,-0.00016057212,0.30626357,0.22459677
-0.5250385,-0.3363234,-0.053812318,-0.31079495,-0.25757962
0.29421163,0.42449027,0.14868653,-0.59872663,-0.60403365
0.69623137,0.0632444,-0.092605345,0.3221028,0.31191793
0.8785144,-0.17339222,-0.16072766,0.5376526,0.5331145
-0.69370794,-0.42638412,0.063081115,0.1232357,0.11030495
-0.012147546,-0.0038771452,0.0023214542,0.3057878,0.289948
0.61515474,-0.32282615,-0.19634154,0.88531077,0.8873528
0.07583797,-0.053871494,-0.019032726,0.9692718,0.80634075
-0.6905439,-0.43180403,0.055135295,0.10876691,0.096543774
0.15973067,-0.06576123,-0.022398943,0.63317204,0.51317817
-0.10876846,-0.021564508,-0.00012491668,-0.005972624,0.0033455305
0.47824872,-0.06059573,-0.10185256,0.52916634,0.5206858
-0.4310459,0.59614855,-0.17591348,0.95624626,0.6998036
0.30016398,-0.24891162,-0.01093534,0.8710754,0.81766886
-0.6928779,0.07882831,0.0154414745,0.21664035,0.19843423
0.17215693,0.16706562,0.033671238,-0.28559542,-0.2971662
-0.8685192,0.36521038,0.4258533,0.94136155,0.83119416
0.417534,-0.22784813,-0.031068625,0.6586695,0.5783966
0.8136165,1.3921757,0.588493,-0.7625048,-0.8239582
-0.29625702,0.18182065,-0.006590312,0.5750414,0.453058
-0.6057795,-0.16322748,0.43459415,0.72292507,0.6605302
-0.9865241,1.1540812,-0.3089574,0.75509095,0.70978236
-0.25696552,-0.13029175,-0.016342644,-0.22756326,-0.15785885
-0.916576,0.4003308,-0.036420148,0.3075831,0.27434218
-0.01663208,-0.009990175,0.0047748573,0.3139063,0.19384137
-0.9867852,0.123058535,0.4532078,0.7429155,0.7281393
0.066877484,-0.05761744,0.005402493,0.75446546,0.6668042
-0.14544022,-0.12741151,-0.0265945,-0.34311748,-0.31934404
-0.9577699,0.4784972,0.094510384,0.6511408,0.6204216
-0.78151786,-0.27567992,0.33200818,0.49885333,0.47809517
0.2924466,0.14449897,-0.06171708,0.27455306,0.26370677
-0.77852,-0.5238852,-0.08768982,-0.31258154,-0.27020088
-0.95204747,-0.25852048,0.1156221,0.2382338,0.22108315
-0.81392217,-0.11846104,0.17379774,0.39501762,0.38334838
-0.13725436,-0.12227183,-0.026390482,-0.36715686,-0.3398133
0.38384044,-0.2449825,-0.0810895,0.8786701,0.8640796
-0.98589635,-0.28877276,0.25504106,0.38282847,0.37530705
0.711154,-1.349358,0.6398764,0.9654095,0.7507947
-0.08896029,-0.040104184,0.00073804776,0.017707705,-0.007822701
-0.6185205,0.48240343,-0.08527062,0.5091752,0.44299203
-0.8325088,-0.89038205,-0.15412515,-0.21721601,-0.23305936
0.78263295,0.059484284,-0.043414548,0.20056939,0.17170082
0.7698693,-0.10494427,-0.0013638929,0.14826334,0.14219671
0.28008866,-0.4047837,0.13915287,0.8817607,0.66659427
0.91636336,-0.09276086,-0.73745304,0.9491247,0.9585988
0.16195154,-0.038541652,0.002292722,0.1204381,0.15913604
-0.93918324,1.552477,-0.6169871,0.98827064,0.96789587
0.29802334,-0.15502755,0.008247509,0.46002877,0.35531214
0.16401148,-0.23059735,0.0787455,0.82163024,0.6703711
-0.47986174,0.6041948,-0.16839132,0.84266603,0.66931695
0.8363874,0.36323962,-0.03059448,0.07221782,0.06745069
0.9425715,0.43120095,-0.101662576,0.17148471,0.17343561
0.29488945,-0.24025615,-0.03316193,0.9350054,0.8803965
0.90286636,0.9404497,0.06758079,-0.0776484,-0.0825672
-0.683498,0.52766454,-0.09102152,0.5118129,0.44395897
0.76885164,0.6447492,-0.04547545,0.0654273,0.055158406
-0.077447414,0.023246314,0.0539523,0.998108,0.66888165
0.99314,0.6577085,-0.32337764,0.32861328,0.33275327
-0.95440125,0.45016634,-0.032577697,0.38241446,0.32244745
-0.17062485,0.2854938,-0.119372055,0.85403633,0.6539363
0.71773887,-0.27667496,-0.31447336,0.882156,0.8662751
0.121406555,-0.074332215,0.0070192907,0.49559903,0.36399573
-0.08592641,0.025087854,0.045179512,0.8856497,0.66828305
-0.98119414,-0.8550893,-0.04069227,-0.050516605,-0.05874928
-0.47386205,0.06713243,0.0218879,0.2971275,0.27961197
-0.23122025,-0.1038938,0.09608905,0.4580127,0.44798505
0.43404388,-0.6180121,0.18887861,0.97964513,0.72282046
0.17645025,-0.1512792,0.01846471,0.70994914,0.5958535
-0.83713424,-0.65621966,0.10358493,0.13470352,0.12922986
0.21164119,0.38211077,0.17244664,-0.891806,-0.8731828
0.9809265,-0.48448914,0.033080954,0.4120685,0.36040258
0.5844779,0.20490931,-0.10331862,0.28022718,0.27691177
0.63764966,0.29654908,-0.048748028,0.12874413,0.12472442
0.84373343,-0.17167263,-0.117105514,0.4879259,0.48401266
0.8633661,-0.504428,-0.32985303,0.97579074,0.96659833
-0.71937597,-0.854818,-0.248547,-0.5075532,-0.49615052
0.7273165,-0.45148915,-0.02747882,0.67659986,0.6553257
0.5835706,0.31813598,-0.21090248,0.38749743,0.37600684
0.9787909,-1.4196019,0.5035571,0.83204365,0.8025593
0.32690787,-0.36678335,0.06083488,0.9196205,0.7832575
-0.61211324,0.36636335,0.12226582,0.83712816,0.70493025
-0.69445825,0.32419,0.34475464,0.97565067,0.80332845
-0.070136786,0.0019398757,0.00024735124,0.07480419,0.06741114
0.4001485,0.34204704,0.05651226,-0.22382545,-0.22035708
0.42866218,-0.5250431,0.1532175,0.74518776,0.6709181
-0.36547208,-0.16282831,0.15508883,0.4656948,0.44781813
-0.13052261,-0.016142476,0.06098673,0.62451065,0.53799343
0.39838398,0.057435893,-0.18235046,0.60829747,0.6091235
0.15918922,0.016827347,-0.013595957,0.24413323,0.17401077
-0.22270286,0.10019346,0.10291417,0.9409908,0.7139378
-0.42756867,-0.18065833,-0.006566944,-0.04016888,-0.049929768
0.82451093,-0.510049,-0.26523516,0.9553355,0.94276184
0.16828251,-0.21038565,0.058477417,0.8330636,0.7454892
0.24395716,0.19468635,0.024778565,-0.15892243,-0.16703403
0.36814916,0.1723852,-0.17040871,0.48538518,0.46908525
-0.7401563,-0.109582044,0.10456607,0.30906057,0.30136544
-0.50296295,0.2252264,0.11764777,0.75685406,0.64874893
0.12242341,0.024250615,-0.053516824,0.56950295,0.56187534
0.1825484,-0.0118423505,-0.026510984,0.4149009,0.3381882
0.5916935,-0.18034087,0.008762662,0.24412394,0.20321293
-0.181898,0.057460554,0.066172466,0.7814343,0.6364654
-0.9586859,-0.30518183,0.18138434,0.30401254,0.29210085
-0.91197586,1.2834715,-0.37552994,0.99243915,0.8580392
-0.6281593,-0.55532783,-0.084253535,-0.19451833,-0.2017699
0.54062545,0.10181035,0.004659983,-0.07846105,-0.053904466
-0.53851306,-0.90900475,-0.38206214,-0.7905942,-0.7643363
-0.7273581,-0.34310198,0.36089694,0.5069792,0.4902907
0.13515127,0.062528744,-0.029880755,0.29269814,0.2430162
-0.71891344,0.11193703,0.03315395,0.30627573,0.28493458
0.6606175,0.54647374,0.089225926,-0.22385216,-0.22865652
0.38951695,0.13276616,-0.24281844,0.637306,0.61744756
0.817338,0.505577,-0.00033479297,0.00066149235,-0.0045941994
-0.5336896,-0.42550677,0.01725333,0.03867197,0.033768013
-0.0832746,0.05553498,0.0028409322,0.7146282,0.61974555
0.87650204,0.23730105,-0.45079002,0.594447,0.591338
0.4728378,-0.21860856,-0.0022767757,0.47252333,0.39652416
-0.350394,-0.12204657,-0.010407371,-0.14908695,-0.119800195
0.6957102,0.029993402,-0.32420033,0.6614256,0.65486175
0.2856573,0.39106193,0.13330834,-0.6413554,-0.57197756
0.5804877,0.25512516,-0.10430821,0.25772285,0.25076437
0.7462902,0.40921202,-0.14742504,0.24805212,0.23968463
-0.83123994,-0.6394914,-0.03383804,-0.057161093,-0.069292225
0.35622358,-0.16633569,-0.023626454,0.581082,0.48496372
0.43870175,-0.109144725,-0.1630798,0.7466546,0.74951774
-0.18412662,-0.08871792,0.06418625,0.39676678,0.38256958
-0.87978685,-0.33770606,-0.029780919,-0.13728952,-0.12832469
-0.84033203,0.4127342,0.07694476,0.6352873,0.5845384
0.80257046,-0.055741694,-0.41381267,0.7536255,0.7435573
-0.45312595,-0.22703207,4.540499e-05,0.00019991398,-0.0035879407
0.48463714,-0.5671065,0.091596544,0.97664785,0.8114986
-0.35482514,0.038424592,0.009285589,0.22473669,0.20812392
0.93042564,0.2654244,-0.20041236,0.34289837,0.33073288
0.12696266,0.0065200925,-0.043060426,0.55726147,0.5293779
-0.88318765,0.09894354,0.32153964,0.66198933,0.64293003
-0.9293487,0.9107026,-0.16628696,0.7372339,0.6421796
-0.77268696,0.7376078,-0.1254149,0.7332413,0.61769885
0.26601255,-0.31384715,0.088062845,0.7200897,0.68597656
-0.17852628,0.13289906,-0.023031726,0.46983874,0.4346683
-0.6585717,0.73149127,-0.10057079,0.94997096,0.74174505
0.20036209,0.056234013,-0.04343138,0.34593773,0.3173087
-0.665642,-0.19551334,0.44619748,0.6849413,0.6507854
0.46107244,0.22856906,0.02656154,-0.18598175,-0.16394027
0.8040743,-0.03822642,-0.73518836,0.98027134,0.97560567
-0.88749397,-1.4374056,-0.56372416,-0.66625595,-0.6767533
0.98999155,1.4904286,0.55913633,-0.70984375,-0.70369774
0.6239997,-0.03276185,-0.025768923,0.23115516,0.18060534
-0.3892436,0.1859438,0.0058247056,0.50720847,0.40826184
-0.7375053,-0.28081092,-0.024972178,-0.14155483,-0.14566027
-0.37196887,0.29338127,-0.050954327,0.5305114,0.4600401
0.77601707,1.0433954,0.30511132,-0.4298321,-0.45874783
0.9934888,0.3940082,-0.3379271,0.4177103,0.39881128
-0.5841168,0.0007608705,0.12698387,0.46690774,0.43918467
0.5364418,0.1397446,-0.029613197,0.13839042,0.124662995
0.5045152,0.07384164,-0.2053825,0.56903744,0.5650336
-0.40165842,0.1838055,0.10908203,0.79795873,0.6712546
0.8712095,0.24021736,-0.0029718364,0.011861205,0.0039055403
0.28079903,-0.26057377,0.040269632,0.7320764,0.62461925
-0.28816366,0.16698925,-0.0139389,0.47837913,0.39700893
-0.8009287,-0.066650234,0.0056477347,0.05210805,0.045970023
0.25988078,0.067484364,-0.0011830021,0.016483665,0.019090982
-0.7631279,-0.7084942,-0.062083323,-0.09796417,-0.10377573
-0.7598101,-1.0963297,-0.39405423,-0.67823195,-0.62318206
-0.16081774,-0.23380186,-0.075809576,-0.4881569,-0.63867015
0.0958029,-0.050199643,-0.0010826939,0.5447351,0.35634977
-0.13183367,-0.11356201,-0.0014763415,-0.013202667,-0.027192995
0.5086441,0.5677783,0.12673673,-0.30844462,-0.34263766
0.06341863,0.06366624,0.0040877354,-0.068939924,-0.11137843
-0.5137775,0.05241688,0.09769635,0.4900502,0.45751572
-0.85425997,0.98342526,-0.2739891,0.6784766,0.6389401
-0.45119286,0.3901793,-0.06833299,0.620823,0.5293787
0.25893545,-0.4365542,0.18332818,0.89402735,0.60080355
-0.7209972,0.63319844,-0.11398267,0.62547255,0.53306943
-0.58209693,-0.06041455,0.4197204,0.79883635,0.7006923
-0.3364935,-0.13393532,0.028573003,0.15385973,0.12309128
0.5556294,0.9145577,0.35943207,-0.64856505,-0.7020365
0.90724075,-0.37448016,-0.31034055,0.8265979,0.83547
-0.6241766,0.40196985,0.072242916,0.7904285,0.669232
0.1422106,0.11574957,0.023336614,-0.36795497,-0.25963035
-0.7570441,0.83433205,-0.09105564,0.9792675,0.7905414
-0.71938276,-0.8018073,-0.10078759,-0.14441133,-0.1474728
-0.8794886,-0.38810933,0.12935457,0.22180676,0.20399348
-0.20422971,0.011722491,0.056794707,0.5568242,0.48588377
0.2603302,0.2867664,0.07778164,-0.48315978,-0.4264535
0.23268497,-0.30448943,0.099355616,0.6875558,0.6587379
0.19297409,0.044269577,0.0011026372,-0.02843082,0.015363602
-0.08130598,-0.0464003,0.019067375,0.2767371,0.2089158
-0.6438285,-0.6649574,-0.12888105,-0.25853503,-0.271494
-0.45633698,-0.23610914,0.14267969,0.35740745,0.3496036
-0.06457281,0.026313776,0.006549087,0.58182275,0.483544
-0.654673,-0.007798925,0.34743947,0.72256434,0.6583373
-0.33318222,-0.5348317,-0.21393071,-0.75676537,-0.7477505
-0.21249092,-0.178012,0.00048264614,0.0027025938,0.008318322
0.55928063,-1.0740054,0.5156115,0.9611883,0.6711271
-0.83514154,0.39258227,0.072383985,0.61175704,0.56153494
-0.048955917,-0.0063184975,0.0313566,0.73838174,0.60696554
-0.9345366,-0.11255726,0.0023297104,0.018006086,0.010678323
-0.1361165,-0.012686865,0.046471834,0.53955746,0.4736368
0.34626067,-0.071576774,-0.19163169,0.85443234,0.79463345
-0.7378855,0.17390545,0.41274795,0.8749746,0.7612871
0.6237167,0.1708755,-0.39066908,0.6662123,0.6514902
0.75956476,0.61277884,0.123063065,-0.37704074,-0.33988568
-0.50190175,-0.20170674,0.21754529,0.48740327,0.45982474
0.54434335,-0.48224196,0.076166324,0.68020856,0.58579725
-0.73630714,0.14825341,0.12288521,0.5214219,0.4958188
0.0799942,0.12312625,0.047200162,-0.7223568,-0.5512649
-0.31128109,0.5793157,-0.26943275,0.9488075,0.70126206
-0.5504458,-0.55005705,-0.13740836,-0.4956472,-0.42328796
0.03552735,-0.0076160827,-0.01589739,0.78465056,0.70903885
-0.3888259,0.49075505,-0.13044521,0.88160884,0.65823054
-0.6144594,0.3032236,0.066455424,0.65787685,0.5749352
-0.85916924,-0.44175336,0.035298593,0.070295095,0.067946486
-0.8874444,-0.17029181,0.006046706,0.03062141,0.02548032
0.18234062,0.020378849,-0.03119956,0.36152577,0.30238613
-0.7604821,1.335441,-0.5788709,0.9766859,0.9069052
0.1956538,-0.012523337,-0.0048216204,0.1922158,0.12605053
0.5882474,0.22572863,-0.19586837,0.4162314,0.4010018
-0.39773345,-0.6248791,-0.2373051,-0.6425625,-0.68911564
0.32494473,-0.2596994,-0.02215756,0.87696624,0.83413225
0.08379185,0.024192065,-0.029101856,0.46239603,0.37953314
0.9348662,0.8096458,0.100572325,-0.15030241,-0.15597245
-0.9036902,0.32510602,0.047913115,0.47206712,0.44414437
-0.8270683,0.6483668,0.023129888,0.81811726,0.7331493
-0.907267,0.42553794,-0.00880452,0.44733906,0.38125238
0.90860426,-0.7188899,-0.041673273,0.8454517,0.81333727
-0.7446511,-0.040106338,0.47600806,0.7730464,0.7247628
-0.5525259,-0.33113515,0.035796333,0.093511224,0.08619035
0.32484198,0.4766021,0.16137058,-0.530148,-0.58133096
0.2557944,0.0015105046,-0.11112909,0.6561799,0.647521
0.19261515,-0.08526529,0.00928535,0.2493149,0.24217449
-0.12352252,-0.017334234,0.098804526,0.82694805,0.60792625
-0.88666797,0.046127174,0.010314089,0.13695753,0.12513332
0.9364501,0.2641691,-0.081186555,0.1854341,0.18373121
-0.4574963,0.1968624,0.16425036,0.85179186,0.6968928
0.08498323,-0.07645511,0.015718209,0.58167934,0.51832515
0.51461625,0.45351055,0.04811789,-0.123372555,-0.12212042
0.9345641,1.1121545,0.30920184,-0.44273508,-0.44185567
-0.13725507,-0.0077397055,0.0008762461,0.05653441,0.064099
0.26580274,0.105019644,-0.09407931,0.429322,0.4274669
-0.27268684,-0.09260604,-0.007563021,-0.13666928,-0.108743675
-0.33381128,0.064377174,0.12446306,0.7146126,0.5930895
0.077732444,-0.012177821,0.00040349067,0.10907388,0.1343309
0.53094137,0.31131917,-0.11536972,0.25750053,0.24232532
0.86693954,1.0168705,0.19716614,-0.24511981,-0.24412072
0.90341413,-0.34904593,-0.022441521,0.44250047,0.41123146
-0.22920811,0.179928,-0.035118967,0.42142916,0.4329105
0.06461346,-0.004374418,-0.0022554044,0.22372425,0.14075302
0.7029258,-0.65978265,-0.023249015,0.97262883,0.92620265
0.24071968,-0.13716078,-0.07855732,0.9232625,0.85702294
0.29286087,-0.20376189,0.023331853,0.55123603,0.44480875
-0.9101268,0.4544131,0.39427948,0.9535854,0.86265165
-0.11001289,-0.040710658,0.017301226,0.25258076,0.1936283
-0.56455696,-0.1496516,0.3853068,0.70415735,0.6297971
0.52891827,-0.48060256,0.055112068,0.7740357,0.67656744
0.046281338,0.0045422604,-0.03952725,0.8763858,0.7864164
-0.16310668,-0.18263331,-0.050198633,-0.48452032,-0.49041095
-0.97807765,-1.2265354,-0.29286495,-0.32088172,-0.33414307
-0.6643537,-1.1085535,-0.45470294,-0.7264037,-0.74789095
0.49424088,-0.5771466,0.16838257,0.5986018,0.64959216
-0.5032102,0.12003717,0.24673079,0.82958066,0.6786112
0.99290085,0.26600406,-0.033891566,0.09425151,0.0799688
-0.038629413,0.02599747,-0.0016043995,0.6042633,0.53658015
-0.00027525425,6.333411e-05,8.291198e-05,0.67580974,0.4533954
-0.5363393,-0.5117685,-0.1215558,-0.44580603,-0.4014882
0.88188684,-0.39020044,-0.25648224,0.8041339,0.81176615
0.54282045,-0.100008264,-0.31781033,0.86281073,0.8262778
-0.8472711,0.8374512,-0.17027359,0.70222306,0.6037574
0.36709547,0.0023837157,-0.03011951,0.28321218,0.23553501
0.7462435,0.55403906,0.08650758,-0.22330236,-0.22891764
-0.8114883,0.2464033,0.28677753,0.76537454,0.70843065
-0.28448284,-0.23455745,-0.028210564,-0.14619291,-0.1583654
0.63366985,0.07476989,-0.34010014,0.6759826,0.6680108
0.14341986,0.19958517,0.06295081,-0.4831549,-0.50448513
-0.23575675,0.0077203615,0.02249167,0.32567942,0.28964847
-0.14659798,0.11784079,-0.0017485931,0.7887132,0.66604125
0.63478863,0.71472967,0.14632462,-0.26899004,-0.2757659
-0.7867271,0.049515855,0.6294377,0.92648995,0.84915876
0.2925061,0.106591985,-0.0385962,0.2241801,0.20334344
-0.41365123,0.60591614,-0.21259122,0.88230336,0.70900446
0.8158572,-0.971025,0.22662766,0.87142706,0.7703798
-0.43549597,-0.31907797,-0.058435254,-0.36153758,-0.29443315
0.6633407,-0.27312267,-0.0036723264,0.4247713,0.37423337
-0.42941177,-0.5306843,-0.15309832,-0.4588765,-0.4743933
-0.9412867,-0.47189447,0.07430567,0.12586331,0.11096521
-0.86317,-0.72730416,0.060707618,0.076520205,0.060426995
0.1116184,0.18348177,0.0750412,-0.76496327,-0.6522736
-0.8775958,-0.3262952,0.40731233,0.5202719,0.5086148
0.848284,0.03210484,-0.22221345,0.4932431,0.47807544
0.97684336,0.06543677,-0.05367092,0.20328665,0.17482527
0.4450307,-0.12745582,-0.21864526,0.85860765,0.81759155
-0.40721047,0.49606267,-0.106145754,0.94126654,0.6810556
0.38552392,0.08659017,-0.26313937,0.72146165,0.68635863
0.78557146,-1.0220884,0.32945058,0.71236765,0.72438794
-0.70419836,-0.85776174,-0.16794634,-0.2451253,-0.245744
0.51341176,-0.28901348,-0.16840535,0.9196125,0.9077116
-0.54191196,0.9469158,-0.41355574,0.88693345,0.80493045
-0.5310054,-0.13583207,0.015106767,0.08377814,0.06639163
-0.7800745,0.95524347,-0.28338343,0.72000754,0.6686703
0.20122409,0.2455177,0.07052303,-0.4627391,-0.44058448
0.9444139,-0.63059264,-0.024310004,0.7042582,0.6799302
-0.34350026,0.046383668,0.006581969,0.22152889,0.20437105
-0.8253796,0.64625627,-0.11499606,0.50955653,0.44512486
0.25803733,-0.15658781,-0.027560126,0.74937034,0.6594326
-0.54935277,0.7991433,-0.28696024,0.8090645,0.73669493
-0.02778256,0.018590908,-0.002810127,0.43848145,0.4608115
0.18988335,0.16646332,0.0051981243,-0.032426238,-0.06576501
0.44823575,-0.1782689,-0.19232413,0.88340926,0.8575574
-0.29830897,0.26321384,-0.056127064,0.52171195,0.5016441
0.8721554,-0.11499318,-0.5871215,0.88904715,0.88375753
0.82615197,0.37481466,0.040246584,-0.17447639,-0.1855833
-0.8322563,-0.45152456,-0.038311496,-0.10527861,-0.113290116
0.4050759,-0.6115059,0.23064926,0.7730162,0.6507528
-0.12647569,0.055790555,0.065010734,0.9706675,0.694738
-0.97520626,-1.0840803,-0.22501005,-0.27616715,-0.28783947
0.14376903,-0.09896474,0.01405422,0.4880687,0.39998284
-0.11290145,-0.17546259,-0.06817236,-0.77575743,-0.7129214
0.66391814,0.51108,-0.12770846,0.19862807,0.1961891
0.7346848,-0.7673401,0.18443613,0.66945434,0.6484887
0.19510186,-0.094190456,-0.03989078,0.7539593,0.7415717
-0.22820318,0.3825814,-0.15850316,0.9281821,0.6804584
0.40908813,-0.59834033,0.2064268,0.90512526,0.6851254
0.6380358,0.95451015,0.35392544,-0.6787019,-0.67230725
0.84577763,-1.1815112,0.34017476,0.991163,0.840195
0.85114133,0.11205902,-0.0037896275,0.027904034,0.018884016
-0.19460917,-0.09178829,-0.009473823,-0.1525613,-0.120426
0.5383276,0.18089107,-0.041831665,0.15746415,0.14723118
-0.5643492,-0.22880091,0.11168855,0.2861631,0.279023
0.8311651,0.20319423,-0.29778415,0.48867822,0.4684142
-0.8139881,1.0244607,-0.31186488,0.7427192,0.6985792
0.15544415,-0.113633834,0.020345839,0.41758645,0.4052772
-0.810148,-0.019524524,0.4963088,0.77074003,0.73319906
-0.8065342,0.53437686,-0.07158531,0.47615755,0.41719902
0.7955543,0.34651703,-0.09621747,0.19255006,0.19233344
0.66015255,-0.4654647,0.07467365,0.45823634,0.41212595
0.26283908,0.25516507,0.06142558,-0.44164705,-0.37329277
0.57518363,0.11612807,-0.34571856,0.68087506,0.66471785
-0.9359739,-1.01973,-0.15684956,-0.18534648,-0.19188845
0.8476056,1.085335,0.28747487,-0.37426436,-0.37791285
0.48346293,-0.19585901,-0.1374747,0.77298295,0.79813725
0.9306872,-0.22290418,-0.12995766,0.51215136,0.51016295
0.75782394,0.4385573,-0.12101879,0.20402074,0.19706124
0.20679331,-0.24863182,0.053707357,0.92003083,0.78344005
0.6258373,-0.5394546,-0.08284366,0.99500906,0.9629868
-0.9411502,0.1350281,0.020840965,0.236933,0.22297436
-0.38760674,-0.4986622,-0.13030264,-0.36467493,-0.39696887
0.16309273,-0.18527362,0.051921174,0.63335586,0.67458916
0.28863466,-0.010357407,-0.017712183,0.2663114,0.18726824
0.12865222,-0.09155664,0.0049793194,0.6523284,0.52650887
-0.84603155,0.0924871,0.06848128,0.34436917,0.33688447
0.042464495,-0.04325209,0.009126452,0.72008157,0.64950883
-0.49175632,-0.46222952,-0.10032697,-0.34012496,-0.35552773
0.1048398,-0.10701542,0.020403445,0.7670238,0.68325555
0.446926,-0.6768063,0.2505978,0.86945665,0.67221946
-0.9368627,-0.095038995,0.46589157,0.6562871,0.6481377
-0.2536484,-0.2119731,-0.042403344,-0.33168864,-0.287407
0.76484096,-0.5019083,-0.07874964,0.78704655,0.76652944
0.33360708,-0.4841691,0.15848204,0.9526447,0.69412744
0.5510223,-0.33189088,0.036480024,0.45766032,0.4109494
0.46736324,0.31109905,-0.008363824,0.025878668,0.02182289
-0.19898319,0.30743736,-0.118552946,0.80406153,0.6751072
-0.01154089,-0.010673094,-0.0022553199,-0.32676792,-0.21217936
-0.9385102,-0.54265875,0.0112439925,0.020026565,0.0060856435
-0.4995216,0.3632236,0.019527625,0.77742755,0.6361305
0.8689288,-0.707418,0.008096102,0.80251646,0.7524076
0.6003424,-0.34329996,-0.023865731,0.6344942,0.59297633
-0.4739113,0.48422307,-0.08539074,0.795159,0.6184238
-0.9340745,0.4657613,0.0019178572,0.5027182,0.45404562
0.3176465,-0.42121795,0.12295216,0.8922361,0.6910743
-0.26930654,0.04883951,-0.0011203322,0.15441144,0.16485508
0.48848975,0.055479456,-0.101798125,0.40323317,0.39314273
0.6935003,-0.15584132,-0.06148336,0.4306053,0.41860443
-0.3466525,-0.22030324,-0.017895654,-0.09561849,-0.103921704
-0.7140502,0.30727613,0.0936614,0.63643,0.581603
0.0824188,-0.05143741,-0.019456545,0.889495,0.8047807
-0.34333527,-0.34943426,-0.04311715,-0.14367294,-0.15477322
-0.8448093,-1.0417774,-0.30903992,-0.49676287,-0.49917975
-0.95463383,-0.015123044,0.26847696,0.52245474,0.51145035
-0.034966826,0.043803412,-0.0108105205,0.91472745,0.57314694
0.15914488,-0.18874891,0.04471634,0.85887,0.7636634
-0.06992614,0.02205964,0.01911826,0.70389175,0.5971133
0.36013496,0.038929064,-0.20811154,0.7080493,0.6785064
0.8923893,-0.88336945,0.12831418,0.81304145,0.69320434
-0.83523285,0.8986034,-0.15826316,0.8539914,0.7082002
-0.036957026,-0.035008762,-0.004803379,-0.16645384,-0.27519506
0.08614862,0.1142332,0.03353577,-0.43874216,-0.4550838
-0.57562673,-0.38873962,0.022875013,0.054453373,0.047251
-0.28276634,0.5164542,-0.23397,0.99404776,0.68631554
0.25143743,-0.065828785,-0.106458254,0.7946328,0.7807784
0.7730682,1.3165643,0.5559817,-0.77473366,-0.81655157
-0.773257,-0.13882165,0.56542677,0.7700527,0.7530218
-0.57986677,-0.6592554,-0.084660135,-0.14757311,-0.1488119
0.75397825,-1.0069206,0.30651787,0.86608315,0.7662152
-0.8309517,-0.122387104,0.42641658,0.646489,0.6264491
0.44872975,-0.0059406916,-0.20238128,0.6782243,0.674682
-0.23904121,0.12447696,-0.01444417,0.34619033,0.3138229
0.57242095,0.5404176,0.063328765,-0.13709211,-0.14233904
0.24344051,0.13338949,-0.10997316,0.45184505,0.4522025
-0.18516695,-0.29852533,-0.12025213,-0.78691125,-0.7947246
-0.28922105,0.030761573,0.12184854,0.70443046,0.5784844
-0.034893513,0.06080094,-0.026392324,0.9230417,0.64828855
0.36620438,-0.27373344,-0.024969876,0.829672,0.7822552
-0.79695153,0.0946813,0.42990083,0.7962605,0.7332302
0.90886843,-0.30357808,0.0009352104,0.33090806,0.29799065
0.46397114,-0.4664468,0.100332014,0.69353116,0.6111383
0.8891573,-0.82397497,0.12367624,0.7382928,0.63237184
-0.5927932,-0.27434245,0.20286927,0.39770532,0.3901191
0.114744306,0.009985561,-0.003264554,0.13068306,0.10902931
0.9455515,-0.6697036,-0.22217219,0.9544475,0.9425294
0.86366296,0.4313659,-0.39191654,0.46870494,0.46184367
-0.76495373,-0.68233275,-0.0027396274,-0.004033327,-0.014786512
-0.24748755,-0.17115627,0.028971508,0.14066029,0.12753683
0.3794384,0.08129412,-0.20987374,0.64426935,0.63166165
-0.033584714,-0.051434074,-0.018302273,-0.56228185,-0.45744932
0.7305356,-0.93354475,0.27675477,0.8104478,0.7427463
0.09886265,0.022544919,-0.04299552,0.5552337,0.53472793
-0.3375758,-0.25941744,-0.0032523142,-0.01274848,-0.011099819
-0.82421875,0.06256888,0.2303585,0.5679827,0.54109865
0.8409326,-0.31950074,-0.13115904,0.62821054,0.6324522
-0.25824773,0.10579604,0.106887646,0.8800032,0.6941266
0.8926654,1.3409722,0.4787142,-0.5841185,-0.6319387
-0.74164355,-1.3296338,-0.59053934,-0.81100655,-0.84051347
0.64116025,-0.49823752,0.041012727,0.6835009,0.61297655
0.1276344,-0.12865457,0.030887913,0.6135837,0.57494205
-0.003357172,0.0010134939,0.00092915696,0.69825804,0.4493011
0.57093143,0.8272008,0.2919919,-0.6088047,-0.6233205
-0.91857314,0.30862772,0.32307315,0.78438056,0.74413407
-0.14288294,0.14400806,-0.03550464,0.57786345,0.6176628
0.61211276,0.11766365,0.005191777,-0.068618655,-0.057977527
0.3050853,0.1936606,-0.106960215,0.35442042,0.33914095
-0.40850568,0.35800445,0.015916217,0.9187819,0.73456544
0.7973757,0.09279486,-0.01224885,0.07873297,0.05307135
0.8944104,-0.7270395,-0.056940027,0.8848194,0.8550305
0.8303002,-0.22269398,-0.1847131,0.62446094,0.6232994
0.10460329,-0.020500373,-0.07254413,0.93651295,0.81558734
-0.5046524,-0.19360095,0.28711048,0.5864644,0.53450054
-0.6953205,-0.15166785,0.20525794,0.4450972,0.4322583
-0.77232575,0.89386296,-0.17544334,0.90687644,0.7296871
0.10899341,0.013275522,-0.069940574,0.74247,0.72949773
-0.5564836,0.4278081,-0.0034399813,0.7606435,0.63385814
-0.5049385,0.5770881,-0.14453602,0.77220106,0.625037
0.5461899,-0.4933162,-0.022657467,0.9469998,0.9145855
0.12653565,-0.09545953,0.0039072987,0.71097624,0.60681784
-0.32779598,0.5036756,-0.18325838,0.94487095,0.7201535
-0.93957067,0.23475076,0.22145705,0.62622917,0.6143877
-0.26799726,0.16131298,-0.015182068,0.48515272,0.40431327
-0.5282974,-0.24180602,-0.027327672,-0.20343041,-0.1740579
-0.6206018,-0.6573249,-0.15514672,-0.35503554,-0.377159
-0.5575775,0.066344455,0.10640768,0.50037754,0.4688395
-0.71493435,-0.31245548,0.16322555,0.30689335,0.29321802
0.2937696,0.32202092,0.082731314,-0.41105676,-0.4152735
-0.37292087,-0.5691844,-0.2160653,-0.70835435,-0.6973561
-0.09179592,0.06661272,0.012087291,0.8759793,0.6680268
-0.3867154,-0.28254834,0.08033538,0.2188009,0.2100799
-0.9772401,1.0767263,-0.21302842,0.84331024,0.73474306
0.9752152,0.9879775,0.112699986,-0.13101447,-0.13981731
-0.45437884,-0.13043995,0.0033455961,0.023693085,0.014279494
0.28954852,-0.36195782,0.10280192,0.81379926,0.68447036
-0.5275842,-0.4690559,-0.039585065,-0.09442079,-0.09800788
-0.71376944,0.9177615,-0.29501292,0.6437123,0.68654424
0.59069896,-0.46821856,-0.12235865,0.9998293,0.96643037
0.9814203,-0.4442637,-0.49345538,0.97066617,0.97368795
-0.7904639,1.448845,-0.66380167,0.92753017,0.92552215
0.82813704,0.005365817,-0.0020797176,0.046977997,0.037977397
-0.854578,-0.5150778,0.13853644,0.20155871,0.19634207
0.39410818,0.4266229,0.111961216,-0.44709623,-0.41445127
0.048241735,-0.012345567,-0.029873062,0.9252064,0.78002995
-0.042703748,0.005408902,0.009861512,0.54803586,0.4588424
0.05920756,-0.057602804,0.005079902,0.87482095,0.74539334
0.6587473,0.40316647,-0.0856759,0.16696036,0.16192484
0.70422745,-0.081162624,-0.50679386,0.90789926,0.8799778
-0.42473793,0.12175779,0.14359784,0.7421901,0.6200754
0.016217232,0.004201219,0.00021205514,-0.06868565,-0.06164991
-0.8666475,-0.059123017,0.5365141,0.7534379,0.7367191
-0.8213197,0.30596387,0.31877843,0.83651245,0.7600019
-0.73697627,-0.4373168,0.17812215,0.27751768,0.26601645
0.82707834,-0.6217466,0.09266554,0.5468606,0.45855117
0.349131,-0.14447719,0.010839676,0.31537187,0.23829065
-0.13234985,0.09431599,-0.0037745526,0.670064,0.5666126
-0.661366,0.15163822,0.41597423,0.9159545,0.7653274
0.44214904,-0.5292764,0.15837535,0.6048639,0.6546709
0.8254715,-0.14570199,-0.1296615,0.4942888,0.48939836
0.34056222,-0.011461516,-0.0033448634,0.117349744,0.08966734
0.71345115,0.27322254,0.025177764,-0.15440798,-0.13367686
0.3491218,-0.3318238,0.0701277,0.6332494,0.56809825
-0.7615421,-0.75290525,-0.1699097,-0.3485595,-0.35793653
0.0331589,-0.001115901,-0.02038211,0.8010224,0.7226648
-0.6221583,0.2578938,0.06760634,0.5966413,0.5302467
-0.6954088,-0.8299339,-0.21293585,-0.37339258,-0.38493
-0.096285224,-0.039187174,0.035549797,0.43730402,0.37917438
-0.3034525,-0.15602203,0.056548055,0.24535406,0.22680227
0.86507714,-0.8759445,0.0848011,0.90414214,0.79055697
0.23238218,-0.24439913,0.03823206,0.86052334,0.7568993
0.8652185,0.11588271,-0.74709654,0.8646774,0.87029016
0.523803,0.4128626,0.073944,-0.27515554,-0.25078136
0.23132002,-0.04745925,-0.005784838,0.29108107,0.20125757
0.69720936,0.44021043,0.03928901,-0.10758102,-0.11971328
0.25441706,-0.011961618,-0.11056677,0.6831603,0.6759268
0.582777,0.35867077,-0.22088324,0.38054287,0.36836544
0.6464999,-1.0003413,0.36971647,0.9369831,0.7169372
-0.3330077,0.30157945,-0.061327435,0.5972971,0.53870773
